SNP	CHR	BP	P
rs613872	18	53210302	4.28303094493002e-17
rs596668	18	53264343	9.114351193487771e-16
rs618869	18	53248151	1.0131613552954862e-15
rs629376	18	53331267	6.338566738427311e-15
rs652714	18	53321026	6.489294590223321e-15
rs611775	18	53337939	7.325763551514177e-15
rs10123378	9	96375217	8.229816780287626e-11
rs4568663	9	96372325	9.460529687836887e-11
rs10117225	9	96367345	9.78984583568837e-11
rs10992797	9	96362115	1.0093242580421923e-10
rs10821203	9	96447466	1.1074338211310276e-10
rs1412048	9	96362967	1.1639767427627275e-10
rs10761240	9	96361922	1.2385197698398347e-10
rs6067037	20	47913578	2.8009496541579423e-10
rs6122779	20	47893014	2.8722063329269767e-10
rs6063378	20	47866411	2.891050465207133e-10
rs6067034	20	47900164	3.40911230016779e-10
rs6066909	20	47529913	3.677394909127137e-10
rs6012555	20	47527742	3.9504900055551805e-10
rs4744250	9	96271752	4.228135781021563e-10
rs2183760	9	96279334	4.4373802364369175e-10
rs10992768	9	96276135	4.469499909029975e-10
rs10821148	9	96283304	4.469499909029975e-10
rs10821147	9	96271367	4.648860279953249e-10
rs1412050	9	96270756	4.848428227283252e-10
rs4810896	20	47535298	4.978858278126641e-10
rs3813388	9	96300597	5.244610318723248e-10
rs10821141	9	96258838	5.408210999694178e-10
rs2297376	9	96259582	5.464342981715459e-10
rs10761233	9	96292166	5.493126655551165e-10
rs10992780	9	96304767	5.50420453200572e-10
rs4744249	9	96256847	5.743175189508013e-10
rs10992759	9	96257626	5.76403594094484e-10
rs1556416	9	96256583	5.76403594094484e-10
rs4744247	9	96256487	5.813918212572035e-10
rs635538	18	53273614	5.954225687187712e-10
rs6066975	20	47750377	6.129920189479041e-10
rs4810898	20	47554392	8.027026187268906e-10
rs6125539	20	47703810	8.423047328751603e-10
rs2273653	20	47770756	8.793910327702701e-10
rs1130146	20	47859217	9.020128623835019e-10
rs7272164	20	47766197	9.269269999580431e-10
rs6012564	20	47541600	9.774296945285207e-10
rs6095396	20	47627170	9.98392261014376e-10
rs584564	18	53227648	9.991738370310704e-10
rs2075678	20	47701339	1.0180621336066447e-09
rs3091529	20	47647068	1.0192171872122688e-09
rs6066978	20	47755742	1.0838105493378303e-09
rs3092039	20	47678770	1.1163689114503275e-09
rs6066968	20	47727341	1.2427901903895136e-09
rs6122763	20	47797653	1.3673493052787623e-09
rs2075679	20	47701589	1.3817435718613011e-09
rs1031831	18	53347258	1.607205206970636e-09
rs7266044	20	47890656	1.710343499569576e-09
rs11867618	17	65875587	1.737699145785955e-09
rs773020	9	77768122	2.2142643899784913e-09
rs10871582	18	53276589	3.590684041810212e-09
rs784232	18	53427481	3.676290378412212e-09
rs4404733	5	152251897	3.802974630166621e-09
rs1538482	20	47705496	4.4602986448609775e-09
rs11870068	17	65944515	4.84566219519963e-09
rs590076	18	53260732	4.926339042420265e-09
rs9947593	18	53448395	4.990563792518e-09
rs8075604	17	66063101	5.145710316883471e-09
rs8078543	17	66037251	6.167046863055776e-09
rs10485609	20	47665612	6.797165463803215e-09
rs1983528	20	47686290	6.880988829236064e-09
rs6504574	17	66023011	7.138650637646765e-09
rs7216064	17	65898809	7.301522639398123e-09
rs784235	18	53423144	7.336877878709788e-09
rs1556876	20	47716451	7.398809888780151e-09
rs1569750	20	47603241	7.765519540790392e-09
rs4743922	9	96234692	7.89768058794837e-09
rs10761229	9	96237376	8.184153739135483e-09
rs10992749	9	96232874	8.209414026962093e-09
rs4287000	9	96451784	8.265028103614823e-09
rs13036715	20	47817815	8.498341483261088e-09
rs12449442	17	65947640	8.519531873294344e-09
rs11791374	9	96245287	8.724468434369187e-09
rs7211282	17	66024595	8.747575610032111e-09
rs7223813	17	65945840	8.83809140804303e-09
rs6019603	20	47653406	9.282055872205024e-09
rs6019602	20	47651492	9.435176708264191e-09
rs2126787	18	53462608	9.594522670505334e-09
rs6019621	20	47679963	9.728954898849e-09
rs3890640	17	66053028	9.826097873026748e-09
rs34761053	14	39769122	9.900170188446648e-09
rs4533947	5	152260682	9.972266075776876e-09
rs7270848	20	47639737	1.0039511370082641e-08
rs6019601	20	47647662	1.0144486631650284e-08
rs3924314	5	152302912	1.0431841916260298e-08
rs11079707	17	65835617	1.0595024349392797e-08
rs11079706	17	65835470	1.1011210470243282e-08
rs2075676	20	47691211	1.1205446940792725e-08
rs6095391	20	47618835	1.2306201351073636e-08
rs2365468	17	65841318	1.2321283148878598e-08
rs11229292	11	57984777	1.2331065436844465e-08
rs12452511	17	65832576	1.2350728703453526e-08
rs1055710	9	96214928	1.3020921451310162e-08
rs10821128	9	96209943	1.3170446074798093e-08
rs9285647	5	152279502	1.3179819248305576e-08
rs41396445	18	53242137	1.3188310314905512e-08
rs4304124	5	152260774	1.3304389685238846e-08
rs7221651	17	65832390	1.3369129246349954e-08
rs6504548	17	65886048	1.4239405872440128e-08
rs1997854	20	47602339	1.457692353952396e-08
rs1035400	5	151709900	1.4618952319428734e-08
rs4958529	5	151727891	1.4645895271824144e-08
rs1966836	11	57982229	1.4799036434857284e-08
rs7212293	17	65847325	1.5084916076361197e-08
rs9897982	17	65879592	1.5117944968332637e-08
rs1983639	20	47572282	1.5504968978086393e-08
rs8071463	17	65938655	1.6008212315692764e-08
rs8074078	17	65838743	1.611359694377101e-08
rs2128792	17	65857177	1.6627545977477218e-08
rs12602655	17	65909442	1.6698187424829972e-08
rs12602912	17	65870073	1.6800493111657842e-08
rs2046323	17	65849927	1.7062370090021166e-08
rs2348647	5	151714361	1.7247467898616465e-08
rs6019582	20	47627605	1.8141192627673356e-08
rs8079291	17	65887622	1.8386281328022757e-08
rs9890629	17	65871559	1.845322553647173e-08
rs6019545	20	47557014	1.853282654709096e-08
rs17113138	5	151731277	1.860247245511301e-08
rs4318247	17	65882172	1.8666291090382412e-08
rs12379660	9	96182487	1.879607092213272e-08
rs3818224	20	47628170	1.9002310450747342e-08
rs7208663	17	65885171	1.952526417226076e-08
rs3935969	17	65881959	1.967261096913145e-08
rs10445361	17	65962238	2.1601903022446022e-08
rs62084251	17	65878736	2.2039179629385506e-08
rs67777906	20	47557129	2.264691812742489e-08
rs11167603	5	152282386	2.3604996005891952e-08
rs1010254	5	151734109	2.400449874268305e-08
rs56305452	17	65990500	2.543956928000252e-08
rs6019581	20	47627572	2.6086145278699832e-08
rs11604305	11	57969053	3.1966987084043956e-08
rs6012556	20	47528443	3.4044953758591934e-08
rs1997852	20	47526559	3.533620451026244e-08
rs4810890	20	47525457	3.885281429878257e-08
rs1997853	20	47526620	4.0600571354887634e-08
rs6504555	17	65940727	4.768374411880621e-08
