locus_id	SNP	CHR	BP	P	method
locus_0001_chr5_151709900	rs1035400	5	151709900	1.4618952319428734e-08	distance
locus_0002_chr5_152251897	rs4404733	5	152251897	3.802974630166621e-09	distance
locus_0003_chr9_77768122	rs773020	9	77768122	2.2142643899784913e-09	distance
locus_0004_chr9_96375217	rs10123378	9	96375217	8.229816780287626e-11	distance
locus_0005_chr11_57984777	rs11229292	11	57984777	1.2331065436844465e-08	distance
locus_0006_chr14_39769122	rs34761053	14	39769122	9.900170188446648e-09	distance
locus_0007_chr17_65875587	rs11867618	17	65875587	1.737699145785955e-09	distance
locus_0008_chr18_53210302	rs613872	18	53210302	4.28303094493002e-17	distance
locus_0009_chr20_47913578	rs6067037	20	47913578	2.8009496541579423e-10	distance
